email,name,surname
elena.martinez@spacex.com,Elena,Martinez
jacob.nguyen@spacex.com,Jacob,Nguyen
sophia.wright@spacex.com,Sophia,Wright
liam.smith@spacex.com,Liam,Smith
ava.johnson@spacex.com,Ava,Johnson
noah.brown@spacex.com,Noah,Brown
mia.davis@spacex.com,Mia,Davis
lucas.miller@spacex.com,Lucas,Miller
isabella.wilson@spacex.com,Isabella,Wilson
ethan.moore@spacex.com,Ethan,Moore
amelia.taylor@spacex.com,Amelia,Taylor
logan.anderson@spacex.com,Logan,Anderson
harper.thomas@spacex.com,Harper,Thomas
oliver.jackson@spacex.com,Oliver,Jackson
ella.white@spacex.com,Ella,White
benjamin.harris@spacex.com,Benjamin,Harris
scarlett.martin@spacex.com,Scarlett,Martin
henry.thompson@spacex.com,Henry,Thompson
luna.garcia@spacex.com,Luna,Garcia
mason.martinez@spacex.com,Mason,Martinez
zoe.robinson@spacex.com,Zoe,Robinson
william.clark@spacex.com,William,Clark
aria.rodriguez@spacex.com,Aria,Rodriguez
james.lee@spacex.com,James,Lee
grace.lewis@spacex.com,Grace,Lewis
daniel.walker@spacex.com,Daniel,Walker
violet.hall@spacex.com,Violet,Hall
michael.allen@spacex.com,Michael,Allen
nora.young@spacex.com,Nora,Young
alexander.king@spacex.com,Alexander,King
hazel.wright@spacex.com,Hazel,Wright
sebastian.scott@spacex.com,Sebastian,Scott
ruby.green@spacex.com,Ruby,Green
jackson.adams@spacex.com,Jackson,Adams
stella.baker@spacex.com,Stella,Baker
leo.gonzalez@spacex.com,Leo,Gonzalez
clara.carter@spacex.com,Clara,Carter
mateo.mitchell@spacex.com,Mateo,Mitchell
chloe.perez@spacex.com,Chloe,Perez
aiden.roberts@spacex.com,Aiden,Roberts
ella.turner@spacex.com,Ella,Turner
jayden.phillips@spacex.com,Jayden,Phillips
ivy.campbell@spacex.com,Ivy,Campbell
samuel.parker@spacex.com,Samuel,Parker
aurora.evans@spacex.com,Aurora,Evans
dylan.edwards@spacex.com,Dylan,Edwards
sienna.collins@spacex.com,Sienna,Collins
leo.richards@spacex.com,Leo,Richards
natalie.ward@spacex.com,Natalie,Ward
thomas.hughes@spacex.com,Thomas,Hughes
